interest_name,category,priority_level,relevance_mapping,status,related_to,discovered_from,date_added,date_updated,notes
Data-driven verification,application,core,definitely,confirmed,"Black-box robotic systems, black-box controllers",manual,2026-03-30,,Central thread of current research
Verification of visuomotor policies,application,high,definitely,confirmed,"Conformal prediction, diffusion/flow-matching, active learning",manual,2026-03-30,,Next research direction — extending verification to vision-based policies
Safe & robust robot control,application,high,definitely,confirmed,Verification work extension,manual,2026-03-30,,Ensuring controllers behave safely under uncertainty
Controller composition,application,high,probably,confirmed,Verification work extension,manual,2026-03-30,,Composing and verifying composed systems
Generalist policies,application,medium,probably,confirmed,Diffusion/flow-matching methods,manual,2026-03-30,2026-04-01,Broad multi-task robot policies
Imitation learning,application,high,probably,confirmed,"Generative methods (diffusion, flow matching)",manual,2026-03-30,,Learning from demonstrations
Reinforcement learning,application,high,probably,confirmed,Complementary to imitation learning,manual,2026-03-30,,Policy learning through reward signals
Sampling-based motion planning,application,high,probably,confirmed,"RRT, PRM, variants",manual,2026-03-30,2026-04-01,Past research area — still slightly interested
Diffusion models,method,key,definitely,confirmed,"Verification, imitation learning, generalist policies",manual,2026-03-30,,Generative method used across multiple interest areas
Flow matching,method,key,definitely,confirmed,"Verification, imitation learning, generalist policies",manual,2026-03-30,2026-04-01,Generative method used across multiple interest areas
Conformal prediction,method,key,probably,confirmed,Distribution-free uncertainty quantification,manual,2026-03-30,2026-04-01,Key method interest for verification and safety
Active learning,method,key,probably,confirmed,Data-driven verification — reducing sample complexity,manual,2026-03-30,2026-04-01,Efficient data collection / query strategies
Vision-Language-Action models (VLAs),application,medium,probably,confirmed,"Generalist policies, visuomotor policies, imitation learning",manual,2026-03-30,2026-03-30,"Interesting as a policy class but not core research. Upgrade to 'definitely' only for radical/paradigm-shifting VLA papers (e.g. new architectures with major capability jumps, novel verification methods for VLAs)"
Hamilton-Jacobi reachability,method,high,probably,confirmed,"Data-driven verification, Safe & robust robot control",Contingency-Aware Planning via Certified Neural HJ Reachability (2603.17022); Formal Methods for Robotic Manipulation survey (hal-05533865),2026-03-31,2026-04-01,Hamilton-Jacobi reachability provides formal safety guarantees by solving HJ PDEs to compute safe sets. Appeared in multiple papers this week including a neural operator approach to accelerate HJ computation. Closely related to data-driven verification and formal safety methods.
Signal Temporal Logic (STL),method,medium,mildly,confirmed,"Data-driven verification, Safe & robust robot control",A General Framework for Robust Quantitative Semantics of STL (chen2026general); STLts-Div (2603.17293); Formal Methods for Robotic Manipulation survey,2026-03-31,2026-03-31,STL is a widely used specification language for cyber-physical systems and robotics. Three papers this week deal with STL quantitative semantics and trace synthesis. Most relevant as a specification tool for verification tasks; may not be core interest but worth monitoring.
Control Barrier Functions (CBFs),method,high,probably,confirmed,"Data-driven verification, Safe & robust robot control, Verification of visuomotor policies",Topological Obstructions to CBFs (2603.18422); Integral CBFs with Input Delay (2603.24566); Enforcing Mixed Constraints with Backup CBFs (2603.17097); Constricting Tubes CBF (2603.17003); Safety Guarantees via Constrained RL (IEEE 11430591),2026-03-31,2026-04-01,"CBFs are a dominant method for safety-critical control and appear in 6+ papers this week across CBF theory, extensions to input delay, mixed constraints, and neural controllers. Very closely related to core interest in data-driven verification and safe robot control. May warrant explicit tracking as a method."
World models for robotics,method,high,definitely,confirmed,"Generalist policies, imitation learning, reinforcement learning","DreamDojo, Ctrl-World, RoboCasa365, MetaWorld papers",2026-03-31,2026-04-01,"Generative world models increasingly used for policy evaluation, improvement, and planning. Relevant to verification if used for safety analysis."
Latent-space safety analysis,method,core,definitely,confirmed,"Data-driven verification, verification of visuomotor policies, HJ reachability","Latent Safety Filters (RSS 2025), V-MORALS, hierarchical reachability verification papers",2026-03-31,2026-04-01,Performing reachability and safety analysis in learned latent spaces rather than raw state spaces. Directly relevant to verifying vision-based and high-dimensional systems.
VLA reasoning and chain-of-thought,application,medium,mildly,confirmed,"Vision-Language-Action models, generalist policies","VLA-Thinker, HALO, Altered Thoughts papers",2026-03-31,2026-04-01,Growing trend of adding explicit reasoning (textual or multimodal CoT) to VLA models. May become relevant to verification if reasoning traces can be formally checked.
Adversarial robustness of robot policies,application,high,probably,confirmed,"Data-driven verification, safe robot control, VLA models","SABER (black-box VLA attacks), Altered Thoughts (CoT vulnerabilities), Diffusion Policy Attacker papers",2026-03-31,2026-04-01,Testing and ensuring robustness of learned robot policies against adversarial perturbations. Closely related to verification - identifying failure modes.